"Program","Year","Period","Week Ending","Geo Level","State","State ANSI","Ag District","Ag District Code","County","County ANSI","Zip Code","Region","watershed_code","Watershed","Commodity","Data Item","Domain","Domain Category","Value","CV (%)"
"SURVEY","2018","YEAR","","STATE","TEXAS","48","","","","","","","00000000","","COTTON","COTTON - PRODUCTION, MEASURED IN 480 LB BALES","TOTAL","NOT SPECIFIED","6,522,000",""
"SURVEY","2017","YEAR","","STATE","TEXAS","48","","","","","","","00000000","","COTTON","COTTON - PRODUCTION, MEASURED IN 480 LB BALES","TOTAL","NOT SPECIFIED","9,296,000",""
"SURVEY","2016","YEAR","","STATE","TEXAS","48","","","","","","","00000000","","COTTON","COTTON - PRODUCTION, MEASURED IN 480 LB BALES","TOTAL","NOT SPECIFIED","8,133,000",""
"SURVEY","2015","YEAR","","STATE","TEXAS","48","","","","","","","00000000","","COTTON","COTTON - PRODUCTION, MEASURED IN 480 LB BALES","TOTAL","NOT SPECIFIED","5,748,000",""
"SURVEY","2014","YEAR","","STATE","TEXAS","48","","","","","","","00000000","","COTTON","COTTON - PRODUCTION, MEASURED IN 480 LB BALES","TOTAL","NOT SPECIFIED","6,203,000",""
"SURVEY","2013","YEAR","","STATE","TEXAS","48","","","","","","","00000000","","COTTON","COTTON - PRODUCTION, MEASURED IN 480 LB BALES","TOTAL","NOT SPECIFIED","4,185,000",""
"SURVEY","2012","YEAR","","STATE","TEXAS","48","","","","","","","00000000","","COTTON","COTTON - PRODUCTION, MEASURED IN 480 LB BALES","TOTAL","NOT SPECIFIED","5,014,500",""
"SURVEY","2011","YEAR","","STATE","TEXAS","48","","","","","","","00000000","","COTTON","COTTON - PRODUCTION, MEASURED IN 480 LB BALES","TOTAL","NOT SPECIFIED","3,540,000",""
"SURVEY","2010","YEAR","","STATE","TEXAS","48","","","","","","","00000000","","COTTON","COTTON - PRODUCTION, MEASURED IN 480 LB BALES","TOTAL","NOT SPECIFIED","7,871,000",""
"SURVEY","2009","YEAR","","STATE","TEXAS","48","","","","","","","00000000","","COTTON","COTTON - PRODUCTION, MEASURED IN 480 LB BALES","TOTAL","NOT SPECIFIED","4,651,500",""
"SURVEY","2008","YEAR","","STATE","TEXAS","48","","","","","","","00000000","","COTTON","COTTON - PRODUCTION, MEASURED IN 480 LB BALES","TOTAL","NOT SPECIFIED","4,484,000",""
"SURVEY","2007","YEAR","","STATE","TEXAS","48","","","","","","","00000000","","COTTON","COTTON - PRODUCTION, MEASURED IN 480 LB BALES","TOTAL","NOT SPECIFIED","8,296,000",""
"SURVEY","2006","YEAR","","STATE","TEXAS","48","","","","","","","00000000","","COTTON","COTTON - PRODUCTION, MEASURED IN 480 LB BALES","TOTAL","NOT SPECIFIED","5,845,000",""
"SURVEY","2005","YEAR","","STATE","TEXAS","48","","","","","","","00000000","","COTTON","COTTON - PRODUCTION, MEASURED IN 480 LB BALES","TOTAL","NOT SPECIFIED","8,483,500",""
"SURVEY","2004","YEAR","","STATE","TEXAS","48","","","","","","","00000000","","COTTON","COTTON - PRODUCTION, MEASURED IN 480 LB BALES","TOTAL","NOT SPECIFIED","7,778,000",""
"SURVEY","2003","YEAR","","STATE","TEXAS","48","","","","","","","00000000","","COTTON","COTTON - PRODUCTION, MEASURED IN 480 LB BALES","TOTAL","NOT SPECIFIED","4,374,000",""
"SURVEY","2002","YEAR","","STATE","TEXAS","48","","","","","","","00000000","","COTTON","COTTON - PRODUCTION, MEASURED IN 480 LB BALES","TOTAL","NOT SPECIFIED","5,082,300",""
"SURVEY","2001","YEAR","","STATE","TEXAS","48","","","","","","","00000000","","COTTON","COTTON - PRODUCTION, MEASURED IN 480 LB BALES","TOTAL","NOT SPECIFIED","4,296,400",""
"SURVEY","2000","YEAR","","STATE","TEXAS","48","","","","","","","00000000","","COTTON","COTTON - PRODUCTION, MEASURED IN 480 LB BALES","TOTAL","NOT SPECIFIED","3,971,000",""
"SURVEY","1999","YEAR","","STATE","TEXAS","48","","","","","","","00000000","","COTTON","COTTON - PRODUCTION, MEASURED IN 480 LB BALES","TOTAL","NOT SPECIFIED","5,094,600",""
"SURVEY","1998","YEAR","","STATE","TEXAS","48","","","","","","","00000000","","COTTON","COTTON - PRODUCTION, MEASURED IN 480 LB BALES","TOTAL","NOT SPECIFIED","3,652,700",""
"SURVEY","1997","YEAR","","STATE","TEXAS","48","","","","","","","00000000","","COTTON","COTTON - PRODUCTION, MEASURED IN 480 LB BALES","TOTAL","NOT SPECIFIED","5,194,300",""
"SURVEY","1996","YEAR","","STATE","TEXAS","48","","","","","","","00000000","","COTTON","COTTON - PRODUCTION, MEASURED IN 480 LB BALES","TOTAL","NOT SPECIFIED","4,405,100",""
"SURVEY","1995","YEAR","","STATE","TEXAS","48","","","","","","","00000000","","COTTON","COTTON - PRODUCTION, MEASURED IN 480 LB BALES","TOTAL","NOT SPECIFIED","4,512,000",""
"SURVEY","1994","YEAR","","STATE","TEXAS","48","","","","","","","00000000","","COTTON","COTTON - PRODUCTION, MEASURED IN 480 LB BALES","TOTAL","NOT SPECIFIED","4,968,000",""
"SURVEY","1993","YEAR","","STATE","TEXAS","48","","","","","","","00000000","","COTTON","COTTON - PRODUCTION, MEASURED IN 480 LB BALES","TOTAL","NOT SPECIFIED","5,144,000",""
"SURVEY","1992","YEAR","","STATE","TEXAS","48","","","","","","","00000000","","COTTON","COTTON - PRODUCTION, MEASURED IN 480 LB BALES","TOTAL","NOT SPECIFIED","3,321,500",""
"SURVEY","1991","YEAR","","STATE","TEXAS","48","","","","","","","00000000","","COTTON","COTTON - PRODUCTION, MEASURED IN 480 LB BALES","TOTAL","NOT SPECIFIED","4,758,000",""
"SURVEY","1990","YEAR","","STATE","TEXAS","48","","","","","","","00000000","","COTTON","COTTON - PRODUCTION, MEASURED IN 480 LB BALES","TOTAL","NOT SPECIFIED","5,046,000",""
"SURVEY","1989","YEAR","","STATE","TEXAS","48","","","","","","","00000000","","COTTON","COTTON - PRODUCTION, MEASURED IN 480 LB BALES","TOTAL","NOT SPECIFIED","2,999,000",""
"SURVEY","1988","YEAR","","STATE","TEXAS","48","","","","","","","00000000","","COTTON","COTTON - PRODUCTION, MEASURED IN 480 LB BALES","TOTAL","NOT SPECIFIED","5,281,500",""
"SURVEY","1987","YEAR","","STATE","TEXAS","48","","","","","","","00000000","","COTTON","COTTON - PRODUCTION, MEASURED IN 480 LB BALES","TOTAL","NOT SPECIFIED","4,685,800",""
"SURVEY","1986","YEAR","","STATE","TEXAS","48","","","","","","","00000000","","COTTON","COTTON - PRODUCTION, MEASURED IN 480 LB BALES","TOTAL","NOT SPECIFIED","2,576,000",""
"SURVEY","1985","YEAR","","STATE","TEXAS","48","","","","","","","00000000","","COTTON","COTTON - PRODUCTION, MEASURED IN 480 LB BALES","TOTAL","NOT SPECIFIED","3,945,100",""
"SURVEY","1984","YEAR","","STATE","TEXAS","48","","","","","","","00000000","","COTTON","COTTON - PRODUCTION, MEASURED IN 480 LB BALES","TOTAL","NOT SPECIFIED","3,709,900",""
"SURVEY","1983","YEAR","","STATE","TEXAS","48","","","","","","","00000000","","COTTON","COTTON - PRODUCTION, MEASURED IN 480 LB BALES","TOTAL","NOT SPECIFIED","2,412,000",""
"SURVEY","1982","YEAR","","STATE","TEXAS","48","","","","","","","00000000","","COTTON","COTTON - PRODUCTION, MEASURED IN 480 LB BALES","TOTAL","NOT SPECIFIED","2,722,800",""
"SURVEY","1981","YEAR","","STATE","TEXAS","48","","","","","","","00000000","","COTTON","COTTON - PRODUCTION, MEASURED IN 480 LB BALES","TOTAL","NOT SPECIFIED","5,663,000",""
"SURVEY","1980","YEAR","","STATE","TEXAS","48","","","","","","","00000000","","COTTON","COTTON - PRODUCTION, MEASURED IN 480 LB BALES","TOTAL","NOT SPECIFIED","3,345,000",""
"SURVEY","1979","YEAR","","STATE","TEXAS","48","","","","","","","00000000","","COTTON","COTTON - PRODUCTION, MEASURED IN 480 LB BALES","TOTAL","NOT SPECIFIED","5,539,000",""
"SURVEY","1978","YEAR","","STATE","TEXAS","48","","","","","","","00000000","","COTTON","COTTON - PRODUCTION, MEASURED IN 480 LB BALES","TOTAL","NOT SPECIFIED","3,818,600",""
"SURVEY","1977","YEAR","","STATE","TEXAS","48","","","","","","","00000000","","COTTON","COTTON - PRODUCTION, MEASURED IN 480 LB BALES","TOTAL","NOT SPECIFIED","5,500,000",""
"SURVEY","1976","YEAR","","STATE","TEXAS","48","","","","","","","00000000","","COTTON","COTTON - PRODUCTION, MEASURED IN 480 LB BALES","TOTAL","NOT SPECIFIED","3,314,400",""
"SURVEY","1975","YEAR","","STATE","TEXAS","48","","","","","","","00000000","","COTTON","COTTON - PRODUCTION, MEASURED IN 480 LB BALES","TOTAL","NOT SPECIFIED","2,393,300",""
"SURVEY","1974","YEAR","","STATE","TEXAS","48","","","","","","","00000000","","COTTON","COTTON - PRODUCTION, MEASURED IN 480 LB BALES","TOTAL","NOT SPECIFIED","2,486,500",""
"SURVEY","1963","YEAR","","STATE","TEXAS","48","","","","","","","00000000","","COTTON","COTTON - PRODUCTION, MEASURED IN 480 LB BALES","TOTAL","NOT SPECIFIED","4,409,000",""
"SURVEY","1962","YEAR","","STATE","TEXAS","48","","","","","","","00000000","","COTTON","COTTON - PRODUCTION, MEASURED IN 480 LB BALES","TOTAL","NOT SPECIFIED","4,716,000",""
"SURVEY","1961","YEAR","","STATE","TEXAS","48","","","","","","","00000000","","COTTON","COTTON - PRODUCTION, MEASURED IN 480 LB BALES","TOTAL","NOT SPECIFIED","4,777,000",""
"SURVEY","1960","YEAR","","STATE","TEXAS","48","","","","","","","00000000","","COTTON","COTTON - PRODUCTION, MEASURED IN 480 LB BALES","TOTAL","NOT SPECIFIED","4,340,000",""
"SURVEY","1959","YEAR","","STATE","TEXAS","48","","","","","","","00000000","","COTTON","COTTON - PRODUCTION, MEASURED IN 480 LB BALES","TOTAL","NOT SPECIFIED","4,413,000",""
"SURVEY","1958","YEAR","","STATE","TEXAS","48","","","","","","","00000000","","COTTON","COTTON - PRODUCTION, MEASURED IN 480 LB BALES","TOTAL","NOT SPECIFIED","4,309,000",""
"SURVEY","1957","YEAR","","STATE","TEXAS","48","","","","","","","00000000","","COTTON","COTTON - PRODUCTION, MEASURED IN 480 LB BALES","TOTAL","NOT SPECIFIED","3,631,000",""
"SURVEY","1956","YEAR","","STATE","TEXAS","48","","","","","","","00000000","","COTTON","COTTON - PRODUCTION, MEASURED IN 480 LB BALES","TOTAL","NOT SPECIFIED","3,615,000",""
"SURVEY","1955","YEAR","","STATE","TEXAS","48","","","","","","","00000000","","COTTON","COTTON - PRODUCTION, MEASURED IN 480 LB BALES","TOTAL","NOT SPECIFIED","4,040,000",""
"SURVEY","1954","YEAR","","STATE","TEXAS","48","","","","","","","00000000","","COTTON","COTTON - PRODUCTION, MEASURED IN 480 LB BALES","TOTAL","NOT SPECIFIED","3,942,000",""
"SURVEY","1953","YEAR","","STATE","TEXAS","48","","","","","","","00000000","","COTTON","COTTON - PRODUCTION, MEASURED IN 480 LB BALES","TOTAL","NOT SPECIFIED","4,317,000",""
"SURVEY","1952","YEAR","","STATE","TEXAS","48","","","","","","","00000000","","COTTON","COTTON - PRODUCTION, MEASURED IN 480 LB BALES","TOTAL","NOT SPECIFIED","3,808,000",""
"SURVEY","1951","YEAR","","STATE","TEXAS","48","","","","","","","00000000","","COTTON","COTTON - PRODUCTION, MEASURED IN 480 LB BALES","TOTAL","NOT SPECIFIED","4,074,000",""
"SURVEY","1950","YEAR","","STATE","TEXAS","48","","","","","","","00000000","","COTTON","COTTON - PRODUCTION, MEASURED IN 480 LB BALES","TOTAL","NOT SPECIFIED","2,946,000",""
"SURVEY","1949","YEAR","","STATE","TEXAS","48","","","","","","","00000000","","COTTON","COTTON - PRODUCTION, MEASURED IN 480 LB BALES","TOTAL","NOT SPECIFIED","6,040,000",""
"SURVEY","1948","YEAR","","STATE","TEXAS","48","","","","","","","00000000","","COTTON","COTTON - PRODUCTION, MEASURED IN 480 LB BALES","TOTAL","NOT SPECIFIED","3,153,000",""
"SURVEY","1947","YEAR","","STATE","TEXAS","48","","","","","","","00000000","","COTTON","COTTON - PRODUCTION, MEASURED IN 480 LB BALES","TOTAL","NOT SPECIFIED","3,437,000",""
"SURVEY","1946","YEAR","","STATE","TEXAS","48","","","","","","","00000000","","COTTON","COTTON - PRODUCTION, MEASURED IN 480 LB BALES","TOTAL","NOT SPECIFIED","1,669,000",""
"SURVEY","1945","YEAR","","STATE","TEXAS","48","","","","","","","00000000","","COTTON","COTTON - PRODUCTION, MEASURED IN 480 LB BALES","TOTAL","NOT SPECIFIED","1,794,000",""
"SURVEY","1944","YEAR","","STATE","TEXAS","48","","","","","","","00000000","","COTTON","COTTON - PRODUCTION, MEASURED IN 480 LB BALES","TOTAL","NOT SPECIFIED","2,946,000",""
"SURVEY","1943","YEAR","","STATE","TEXAS","48","","","","","","","00000000","","COTTON","COTTON - PRODUCTION, MEASURED IN 480 LB BALES","TOTAL","NOT SPECIFIED","2,823,000",""
"SURVEY","1942","YEAR","","STATE","TEXAS","48","","","","","","","00000000","","COTTON","COTTON - PRODUCTION, MEASURED IN 480 LB BALES","TOTAL","NOT SPECIFIED","3,038,000",""
"SURVEY","1941","YEAR","","STATE","TEXAS","48","","","","","","","00000000","","COTTON","COTTON - PRODUCTION, MEASURED IN 480 LB BALES","TOTAL","NOT SPECIFIED","2,652,000",""
"SURVEY","1940","YEAR","","STATE","TEXAS","48","","","","","","","00000000","","COTTON","COTTON - PRODUCTION, MEASURED IN 480 LB BALES","TOTAL","NOT SPECIFIED","3,234,000",""
"SURVEY","1939","YEAR","","STATE","TEXAS","48","","","","","","","00000000","","COTTON","COTTON - PRODUCTION, MEASURED IN 480 LB BALES","TOTAL","NOT SPECIFIED","2,846,000",""
"SURVEY","1938","YEAR","","STATE","TEXAS","48","","","","","","","00000000","","COTTON","COTTON - PRODUCTION, MEASURED IN 480 LB BALES","TOTAL","NOT SPECIFIED","3,086,000",""
"SURVEY","1937","YEAR","","STATE","TEXAS","48","","","","","","","00000000","","COTTON","COTTON - PRODUCTION, MEASURED IN 480 LB BALES","TOTAL","NOT SPECIFIED","5,154,000",""
"SURVEY","1936","YEAR","","STATE","TEXAS","48","","","","","","","00000000","","COTTON","COTTON - PRODUCTION, MEASURED IN 480 LB BALES","TOTAL","NOT SPECIFIED","2,933,000",""
"SURVEY","1935","YEAR","","STATE","TEXAS","48","","","","","","","00000000","","COTTON","COTTON - PRODUCTION, MEASURED IN 480 LB BALES","TOTAL","NOT SPECIFIED","2,956,000",""
"SURVEY","1934","YEAR","","STATE","TEXAS","48","","","","","","","00000000","","COTTON","COTTON - PRODUCTION, MEASURED IN 480 LB BALES","TOTAL","NOT SPECIFIED","2,401,000",""
"SURVEY","1933","YEAR","","STATE","TEXAS","48","","","","","","","00000000","","COTTON","COTTON - PRODUCTION, MEASURED IN 480 LB BALES","TOTAL","NOT SPECIFIED","4,428,000",""
"SURVEY","1932","YEAR","","STATE","TEXAS","48","","","","","","","00000000","","COTTON","COTTON - PRODUCTION, MEASURED IN 480 LB BALES","TOTAL","NOT SPECIFIED","4,500,000",""
"SURVEY","1931","YEAR","","STATE","TEXAS","48","","","","","","","00000000","","COTTON","COTTON - PRODUCTION, MEASURED IN 480 LB BALES","TOTAL","NOT SPECIFIED","5,320,000",""
"SURVEY","1930","YEAR","","STATE","TEXAS","48","","","","","","","00000000","","COTTON","COTTON - PRODUCTION, MEASURED IN 480 LB BALES","TOTAL","NOT SPECIFIED","4,037,000",""
"SURVEY","1929","YEAR","","STATE","TEXAS","48","","","","","","","00000000","","COTTON","COTTON - PRODUCTION, MEASURED IN 480 LB BALES","TOTAL","NOT SPECIFIED","3,940,000",""
"SURVEY","1928","YEAR","","STATE","TEXAS","48","","","","","","","00000000","","COTTON","COTTON - PRODUCTION, MEASURED IN 480 LB BALES","TOTAL","NOT SPECIFIED","5,105,000",""
"SURVEY","1927","YEAR","","STATE","TEXAS","48","","","","","","","00000000","","COTTON","COTTON - PRODUCTION, MEASURED IN 480 LB BALES","TOTAL","NOT SPECIFIED","4,352,000",""
"SURVEY","1926","YEAR","","STATE","TEXAS","48","","","","","","","00000000","","COTTON","COTTON - PRODUCTION, MEASURED IN 480 LB BALES","TOTAL","NOT SPECIFIED","5,628,000",""
"SURVEY","1925","YEAR","","STATE","TEXAS","48","","","","","","","00000000","","COTTON","COTTON - PRODUCTION, MEASURED IN 480 LB BALES","TOTAL","NOT SPECIFIED","4,163,000",""
"SURVEY","1924","YEAR","","STATE","TEXAS","48","","","","","","","00000000","","COTTON","COTTON - PRODUCTION, MEASURED IN 480 LB BALES","TOTAL","NOT SPECIFIED","4,949,000",""
"SURVEY","1923","YEAR","","STATE","TEXAS","48","","","","","","","00000000","","COTTON","COTTON - PRODUCTION, MEASURED IN 480 LB BALES","TOTAL","NOT SPECIFIED","4,340,000",""
"SURVEY","1922","YEAR","","STATE","TEXAS","48","","","","","","","00000000","","COTTON","COTTON - PRODUCTION, MEASURED IN 480 LB BALES","TOTAL","NOT SPECIFIED","3,222,000",""
"SURVEY","1921","YEAR","","STATE","TEXAS","48","","","","","","","00000000","","COTTON","COTTON - PRODUCTION, MEASURED IN 480 LB BALES","TOTAL","NOT SPECIFIED","2,198,000",""
"SURVEY","1920","YEAR","","STATE","TEXAS","48","","","","","","","00000000","","COTTON","COTTON - PRODUCTION, MEASURED IN 480 LB BALES","TOTAL","NOT SPECIFIED","4,345,000",""
"SURVEY","1919","YEAR","","STATE","TEXAS","48","","","","","","","00000000","","COTTON","COTTON - PRODUCTION, MEASURED IN 480 LB BALES","TOTAL","NOT SPECIFIED","3,099,000",""
"SURVEY","1918","YEAR","","STATE","TEXAS","48","","","","","","","00000000","","COTTON","COTTON - PRODUCTION, MEASURED IN 480 LB BALES","TOTAL","NOT SPECIFIED","2,697,000",""
"SURVEY","1917","YEAR","","STATE","TEXAS","48","","","","","","","00000000","","COTTON","COTTON - PRODUCTION, MEASURED IN 480 LB BALES","TOTAL","NOT SPECIFIED","3,125,000",""
"SURVEY","1916","YEAR","","STATE","TEXAS","48","","","","","","","00000000","","COTTON","COTTON - PRODUCTION, MEASURED IN 480 LB BALES","TOTAL","NOT SPECIFIED","3,726,000",""
"SURVEY","1915","YEAR","","STATE","TEXAS","48","","","","","","","00000000","","COTTON","COTTON - PRODUCTION, MEASURED IN 480 LB BALES","TOTAL","NOT SPECIFIED","3,227,000",""
"SURVEY","1914","YEAR","","STATE","TEXAS","48","","","","","","","00000000","","COTTON","COTTON - PRODUCTION, MEASURED IN 480 LB BALES","TOTAL","NOT SPECIFIED","4,592,000",""
"SURVEY","1913","YEAR","","STATE","TEXAS","48","","","","","","","00000000","","COTTON","COTTON - PRODUCTION, MEASURED IN 480 LB BALES","TOTAL","NOT SPECIFIED","3,945,000",""
"SURVEY","1912","YEAR","","STATE","TEXAS","48","","","","","","","00000000","","COTTON","COTTON - PRODUCTION, MEASURED IN 480 LB BALES","TOTAL","NOT SPECIFIED","4,880,000",""
"SURVEY","1911","YEAR","","STATE","TEXAS","48","","","","","","","00000000","","COTTON","COTTON - PRODUCTION, MEASURED IN 480 LB BALES","TOTAL","NOT SPECIFIED","4,256,000",""
"SURVEY","1910","YEAR","","STATE","TEXAS","48","","","","","","","00000000","","COTTON","COTTON - PRODUCTION, MEASURED IN 480 LB BALES","TOTAL","NOT SPECIFIED","3,049,000",""
"SURVEY","1909","YEAR","","STATE","TEXAS","48","","","","","","","00000000","","COTTON","COTTON - PRODUCTION, MEASURED IN 480 LB BALES","TOTAL","NOT SPECIFIED","2,523,000",""
"SURVEY","1908","YEAR","","STATE","TEXAS","48","","","","","","","00000000","","COTTON","COTTON - PRODUCTION, MEASURED IN 480 LB BALES","TOTAL","NOT SPECIFIED","3,814,000",""
"SURVEY","1907","YEAR","","STATE","TEXAS","48","","","","","","","00000000","","COTTON","COTTON - PRODUCTION, MEASURED IN 480 LB BALES","TOTAL","NOT SPECIFIED","2,300,000",""
"SURVEY","1906","YEAR","","STATE","TEXAS","48","","","","","","","00000000","","COTTON","COTTON - PRODUCTION, MEASURED IN 480 LB BALES","TOTAL","NOT SPECIFIED","4,174,000",""
"SURVEY","1905","YEAR","","STATE","TEXAS","48","","","","","","","00000000","","COTTON","COTTON - PRODUCTION, MEASURED IN 480 LB BALES","TOTAL","NOT SPECIFIED","2,542,000",""
"SURVEY","1904","YEAR","","STATE","TEXAS","48","","","","","","","00000000","","COTTON","COTTON - PRODUCTION, MEASURED IN 480 LB BALES","TOTAL","NOT SPECIFIED","3,145,000",""
"SURVEY","1903","YEAR","","STATE","TEXAS","48","","","","","","","00000000","","COTTON","COTTON - PRODUCTION, MEASURED IN 480 LB BALES","TOTAL","NOT SPECIFIED","2,471,000",""
"SURVEY","1902","YEAR","","STATE","TEXAS","48","","","","","","","00000000","","COTTON","COTTON - PRODUCTION, MEASURED IN 480 LB BALES","TOTAL","NOT SPECIFIED","2,498,000",""
"SURVEY","1901","YEAR","","STATE","TEXAS","48","","","","","","","00000000","","COTTON","COTTON - PRODUCTION, MEASURED IN 480 LB BALES","TOTAL","NOT SPECIFIED","2,502,000",""
"SURVEY","1900","YEAR","","STATE","TEXAS","48","","","","","","","00000000","","COTTON","COTTON - PRODUCTION, MEASURED IN 480 LB BALES","TOTAL","NOT SPECIFIED","3,438,000",""
"SURVEY","1899","YEAR","","STATE","TEXAS","48","","","","","","","00000000","","COTTON","COTTON - PRODUCTION, MEASURED IN 480 LB BALES","TOTAL","NOT SPECIFIED","2,609,000",""
"SURVEY","1898","YEAR","","STATE","TEXAS","48","","","","","","","00000000","","COTTON","COTTON - PRODUCTION, MEASURED IN 480 LB BALES","TOTAL","NOT SPECIFIED","3,390,000",""
"SURVEY","1897","YEAR","","STATE","TEXAS","48","","","","","","","00000000","","COTTON","COTTON - PRODUCTION, MEASURED IN 480 LB BALES","TOTAL","NOT SPECIFIED","2,822,000",""
"SURVEY","1896","YEAR","","STATE","TEXAS","48","","","","","","","00000000","","COTTON","COTTON - PRODUCTION, MEASURED IN 480 LB BALES","TOTAL","NOT SPECIFIED","2,123,000",""
"SURVEY","1895","YEAR","","STATE","TEXAS","48","","","","","","","00000000","","COTTON","COTTON - PRODUCTION, MEASURED IN 480 LB BALES","TOTAL","NOT SPECIFIED","1,905,000",""
"SURVEY","1894","YEAR","","STATE","TEXAS","48","","","","","","","00000000","","COTTON","COTTON - PRODUCTION, MEASURED IN 480 LB BALES","TOTAL","NOT SPECIFIED","3,212,000",""
"SURVEY","1893","YEAR","","STATE","TEXAS","48","","","","","","","00000000","","COTTON","COTTON - PRODUCTION, MEASURED IN 480 LB BALES","TOTAL","NOT SPECIFIED","1,997,000",""
"SURVEY","1892","YEAR","","STATE","TEXAS","48","","","","","","","00000000","","COTTON","COTTON - PRODUCTION, MEASURED IN 480 LB BALES","TOTAL","NOT SPECIFIED","2,246,000",""
"SURVEY","1891","YEAR","","STATE","TEXAS","48","","","","","","","00000000","","COTTON","COTTON - PRODUCTION, MEASURED IN 480 LB BALES","TOTAL","NOT SPECIFIED","2,405,000",""
"SURVEY","1890","YEAR","","STATE","TEXAS","48","","","","","","","00000000","","COTTON","COTTON - PRODUCTION, MEASURED IN 480 LB BALES","TOTAL","NOT SPECIFIED","1,996,000",""
"SURVEY","1889","YEAR","","STATE","TEXAS","48","","","","","","","00000000","","COTTON","COTTON - PRODUCTION, MEASURED IN 480 LB BALES","TOTAL","NOT SPECIFIED","1,471,000",""
"SURVEY","1888","YEAR","","STATE","TEXAS","48","","","","","","","00000000","","COTTON","COTTON - PRODUCTION, MEASURED IN 480 LB BALES","TOTAL","NOT SPECIFIED","1,594,000",""
"SURVEY","1887","YEAR","","STATE","TEXAS","48","","","","","","","00000000","","COTTON","COTTON - PRODUCTION, MEASURED IN 480 LB BALES","TOTAL","NOT SPECIFIED","1,590,000",""
"SURVEY","1886","YEAR","","STATE","TEXAS","48","","","","","","","00000000","","COTTON","COTTON - PRODUCTION, MEASURED IN 480 LB BALES","TOTAL","NOT SPECIFIED","1,514,000",""
"SURVEY","1885","YEAR","","STATE","TEXAS","48","","","","","","","00000000","","COTTON","COTTON - PRODUCTION, MEASURED IN 480 LB BALES","TOTAL","NOT SPECIFIED","1,332,000",""
"SURVEY","1884","YEAR","","STATE","TEXAS","48","","","","","","","00000000","","COTTON","COTTON - PRODUCTION, MEASURED IN 480 LB BALES","TOTAL","NOT SPECIFIED","995,000",""
"SURVEY","1883","YEAR","","STATE","TEXAS","48","","","","","","","00000000","","COTTON","COTTON - PRODUCTION, MEASURED IN 480 LB BALES","TOTAL","NOT SPECIFIED","1,120,000",""
"SURVEY","1882","YEAR","","STATE","TEXAS","48","","","","","","","00000000","","COTTON","COTTON - PRODUCTION, MEASURED IN 480 LB BALES","TOTAL","NOT SPECIFIED","1,325,000",""
"SURVEY","1881","YEAR","","STATE","TEXAS","48","","","","","","","00000000","","COTTON","COTTON - PRODUCTION, MEASURED IN 480 LB BALES","TOTAL","NOT SPECIFIED","868,000",""
"SURVEY","1880","YEAR","","STATE","TEXAS","48","","","","","","","00000000","","COTTON","COTTON - PRODUCTION, MEASURED IN 480 LB BALES","TOTAL","NOT SPECIFIED","1,274,000",""
"SURVEY","1879","YEAR","","STATE","TEXAS","48","","","","","","","00000000","","COTTON","COTTON - PRODUCTION, MEASURED IN 480 LB BALES","TOTAL","NOT SPECIFIED","805,000",""
"SURVEY","1878","YEAR","","STATE","TEXAS","48","","","","","","","00000000","","COTTON","COTTON - PRODUCTION, MEASURED IN 480 LB BALES","TOTAL","NOT SPECIFIED","1,070,000",""
"SURVEY","1877","YEAR","","STATE","TEXAS","48","","","","","","","00000000","","COTTON","COTTON - PRODUCTION, MEASURED IN 480 LB BALES","TOTAL","NOT SPECIFIED","621,000",""
"SURVEY","1876","YEAR","","STATE","TEXAS","48","","","","","","","00000000","","COTTON","COTTON - PRODUCTION, MEASURED IN 480 LB BALES","TOTAL","NOT SPECIFIED","696,000",""
"SURVEY","1875","YEAR","","STATE","TEXAS","48","","","","","","","00000000","","COTTON","COTTON - PRODUCTION, MEASURED IN 480 LB BALES","TOTAL","NOT SPECIFIED","813,000",""
"SURVEY","1874","YEAR","","STATE","TEXAS","48","","","","","","","00000000","","COTTON","COTTON - PRODUCTION, MEASURED IN 480 LB BALES","TOTAL","NOT SPECIFIED","516,000",""
"SURVEY","1873","YEAR","","STATE","TEXAS","48","","","","","","","00000000","","COTTON","COTTON - PRODUCTION, MEASURED IN 480 LB BALES","TOTAL","NOT SPECIFIED","592,000",""
"SURVEY","1872","YEAR","","STATE","TEXAS","48","","","","","","","00000000","","COTTON","COTTON - PRODUCTION, MEASURED IN 480 LB BALES","TOTAL","NOT SPECIFIED","468,000",""
"SURVEY","1871","YEAR","","STATE","TEXAS","48","","","","","","","00000000","","COTTON","COTTON - PRODUCTION, MEASURED IN 480 LB BALES","TOTAL","NOT SPECIFIED","370,000",""
"SURVEY","1870","YEAR","","STATE","TEXAS","48","","","","","","","00000000","","COTTON","COTTON - PRODUCTION, MEASURED IN 480 LB BALES","TOTAL","NOT SPECIFIED","532,000",""
"SURVEY","1869","YEAR","","STATE","TEXAS","48","","","","","","","00000000","","COTTON","COTTON - PRODUCTION, MEASURED IN 480 LB BALES","TOTAL","NOT SPECIFIED","351,000",""
"SURVEY","1868","YEAR","","STATE","TEXAS","48","","","","","","","00000000","","COTTON","COTTON - PRODUCTION, MEASURED IN 480 LB BALES","TOTAL","NOT SPECIFIED","258,000",""
"SURVEY","1867","YEAR","","STATE","TEXAS","48","","","","","","","00000000","","COTTON","COTTON - PRODUCTION, MEASURED IN 480 LB BALES","TOTAL","NOT SPECIFIED","215,000",""
"SURVEY","1866","YEAR","","STATE","TEXAS","48","","","","","","","00000000","","COTTON","COTTON - PRODUCTION, MEASURED IN 480 LB BALES","TOTAL","NOT SPECIFIED","359,000",""
